{
"type": "FeatureCollection",
"crs": { "type": "name", "properties": { "name": "urn:ogc:def:crs:OGC:1.3:CRS84" } },
"features": [
{ "type": "Feature", "properties": { "Item": "Zaida T Rodriguez EDC", "Category": "School", "Type": "Early education", "Address": "421 Barlett St.", "City": "San Francisco", "Full Address": "421 Barlett St. San Francisco ", "Latitude": 37.7500814, "Longitude": -122.4191272, "Phone": "(415) 695-5844", "About": "", "Hours": "", "Website": "https://www.sfusd.edu/school/zaida-t-rodriguez-early-education-school" }, "geometry": { "type": "Point", "coordinates": [ -122.4191272, 37.7500814 ] } },
{ "type": "Feature", "properties": { "Item": "Leonard Flynn Elementary School", "Category": "School", "Type": "Elementary", "Address": "3125 Cesar Chavez St.", "City": "San Francisco", "Full Address": "3125 Cesar Chavez St. San Francisco ", "Latitude": 37.7477667, "Longitude": -122.4118623, "Phone": "(415) 695-5770", "About": "", "Hours": "", "Website": "https://www.sfusd.edu/school/leonard-r-flynn-elementary-school" }, "geometry": { "type": "Point", "coordinates": [ -122.4118623, 37.7477667 ] } },
{ "type": "Feature", "properties": { "Item": "Bryant Elementary", "Category": "School", "Type": "Elementary", "Address": "2641 25th S.", "City": "San Francisco", "Full Address": "2641 25th S. San Francisco ", "Latitude": 37.7514609, "Longitude": -122.4049696, "Phone": "(415) 695-5780", "About": "", "Hours": "", "Website": "https://www.sfusd.edu/school/bryant-elementary-school" }, "geometry": { "type": "Point", "coordinates": [ -122.4049696, 37.7514609 ] } },
{ "type": "Feature", "properties": { "Item": "George Moscone Elementary", "Category": "School", "Type": "Elementary", "Address": "2576 Harrison St.", "City": "San Francisco", "Full Address": "2576 Harrison St. San Francisco ", "Latitude": 37.7564641, "Longitude": -122.4125446, "Phone": "(415) 695-5765", "About": "", "Hours": "", "Website": "https://www.sfusd.edu/school/george-r-moscone-elementary-school" }, "geometry": { "type": "Point", "coordinates": [ -122.4125446, 37.7564641 ] } },
{ "type": "Feature", "properties": { "Item": "Cesar Chavez Elementary", "Category": "School", "Type": "Elementary", "Address": "825 Shotwell", "City": "San Francisco", "Full Address": "825 Shotwell San Francisco ", "Latitude": 37.7548293, "Longitude": -122.4150481, "Phone": "(415) 695-5765", "About": "", "Hours": "", "Website": "https://www.sfusd.edu/school/cesar-chavez-elementary-school" }, "geometry": { "type": "Point", "coordinates": [ -122.4150481, 37.7548293 ] } },
{ "type": "Feature", "properties": { "Item": "Marshall Elementary", "Category": "School", "Type": "Elementary", "Address": "1575 15th St.", "City": "San Francisco", "Full Address": "1575 15th St. San Francisco ", "Latitude": 37.7664402, "Longitude": -122.4189417, "Phone": "(415) 241-6280", "About": "", "Hours": "", "Website": "https://www.sfusd.edu/school/marshall-elementary-school" }, "geometry": { "type": "Point", "coordinates": [ -122.4189417, 37.7664402 ] } },
{ "type": "Feature", "properties": { "Item": "Sanchez Elementary", "Category": "School", "Type": "Elementary", "Address": "325 Sanchez St.", "City": "San Francisco", "Full Address": "325 Sanchez St. San Francisco ", "Latitude": 37.76346, "Longitude": -122.4305466, "Phone": "(415) 241-6380", "About": "", "Hours": "", "Website": "https://www.sfusd.edu/school/sanchez-elementary-school" }, "geometry": { "type": "Point", "coordinates": [ -122.4305466, 37.76346 ] } },
{ "type": "Feature", "properties": { "Item": "John O'Connell High", "Category": "School", "Type": "High School", "Address": "2355 Folsom St.", "City": "San Francisco", "Full Address": "2355 Folsom St. San Francisco ", "Latitude": 37.7594953, "Longitude": -122.4140881, "Phone": "(415) 695-5370", "About": "", "Hours": "", "Website": "https://www.sfusd.edu/school/john-oconnell-high-school" }, "geometry": { "type": "Point", "coordinates": [ -122.4140881, 37.7594953 ] } },
{ "type": "Feature", "properties": { "Item": "Mission High", "Category": "School", "Type": "High School", "Address": "3750 18th St.", "City": "San Francisco", "Full Address": "3750 18th St. San Francisco ", "Latitude": 37.7617503, "Longitude": -122.4271709, "Phone": "(415) 241-6240", "About": "", "Hours": "", "Website": "https://www.sfusd.edu/school/mission-high-school" }, "geometry": { "type": "Point", "coordinates": [ -122.4271709, 37.7617503 ] } },
{ "type": "Feature", "properties": { "Item": "Hilltop + El Camino Alternativo School", "Category": "School", "Type": "County School", "Address": "1325 Florida St.", "City": "San Francisco", "Full Address": "1325 Florida St. San Francisco ", "Latitude": 37.7504514, "Longitude": -122.4096258, "Phone": "(415) 695-5606", "About": "", "Hours": "", "Website": "https://www.sfusd.edu/school/hilltop-el-camino-alternativo-schools" }, "geometry": { "type": "Point", "coordinates": [ -122.4096258, 37.7504514 ] } },
{ "type": "Feature", "properties": { "Item": "Valencia Campus", "Category": "School", "Type": "Community College", "Address": "1125 Valencia St.", "City": "San Francisco", "Full Address": "1125 Valencia St. San Francisco ", "Latitude": 37.7547953, "Longitude": -122.4200036, "Phone": "(415) 920-6000", "About": "", "Hours": "Monday and Thursday 8 a.m. to 5 p.m. Tuesday and Wednesday 8 a.m. to 6 p.m. Friday 8 a.m. to 1 p.m. Saturday 8 a.m. to 12 p.m.", "Website": "https://www.ccsf.edu/about/our-locations/mission-center" }, "geometry": { "type": "Point", "coordinates": [ -122.4200036, 37.7547953 ] } },
{ "type": "Feature", "properties": { "Item": "Zuckerberg San Francisco General Hospital", "Category": "Health Care", "Type": "Hospital", "Address": "1101 Potrero Ave.", "City": "San Francisco", "Full Address": "1101 Potrero Ave. San Francisco ", "Latitude": 37.754204, "Longitude": -122.4062706, "Phone": "(628) 206-8000", "About": "", "Hours": "", "Website": "https://www.zuckerbergsanfranciscogeneral.org" }, "geometry": { "type": "Point", "coordinates": [ -122.4062706, 37.754204 ] } },
{ "type": "Feature", "properties": { "Item": "Mission Neighborhood Health Center", "Category": "Health Care", "Type": "Clinic", "Address": "240 Shotwell St.", "City": "San Francisco", "Full Address": "240 Shotwell St. San Francisco ", "Latitude": 37.7646229, "Longitude": -122.4165737, "Phone": "(415) 552-3870", "About": "", "Hours": "Monday and Tuesday 8:30 a.m. to 5 p.m. Wednesday 8 a.m to 8 p.m. Thursday 8:30 am. to 8 p.m. Friday 8:30 a.m. to 5 p.m.", "Website": "https://www.mnhc.org" }, "geometry": { "type": "Point", "coordinates": [ -122.4165737, 37.7646229 ] } },
{ "type": "Feature", "properties": { "Item": "Sutter Health CPMC", "Category": "Health Care", "Type": "Hospital", "Address": "3555 Cesar Chavez St.", "City": "San Francisco", "Full Address": "3555 Cesar Chavez St. San Francisco ", "Latitude": 37.7474776, "Longitude": -122.4209371, "Phone": "(415) 600-6000", "About": "", "Hours": "", "Website": "https://www.sutterhealth.org/find-location/facility/cpmc-mission-bernal-campus-orthopedic-institute-1043246991" }, "geometry": { "type": "Point", "coordinates": [ -122.4209371, 37.7474776 ] } },
{ "type": "Feature", "properties": { "Item": "Mission Mental Health", "Category": "Health Care", "Type": "Clinic", "Address": "2712 Mission St.", "City": "San Francisco", "Full Address": "2712 Mission St. San Francisco ", "Latitude": 37.753351, "Longitude": -122.4192514, "Phone": "(628) 754-8800", "About": "", "Hours": "Monday to Friday 9 a.m. to 5 p.m.", "Website": "https://www.sf.gov/location--mission-mental-health" }, "geometry": { "type": "Point", "coordinates": [ -122.4192514, 37.753351 ] } },
{ "type": "Feature", "properties": { "Item": "899 Valencia Street Care Center", "Category": "Health Care", "Type": "Clinic", "Address": "899 Valencia St.", "City": "San Francisco", "Full Address": "899 Valencia St. San Francisco ", "Latitude": 37.7586372, "Longitude": -122.4211355, "Phone": "(415) 600-5400", "About": "", "Hours": "Monday to Friday 8 a.m. to 5 p.m.", "Website": "https://www.sutterhealth.org/find-location/facility/899-valencia-street-care-center-1043247413" }, "geometry": { "type": "Point", "coordinates": [ -122.4211355, 37.7586372 ] } },
{ "type": "Feature", "properties": { "Item": "One Medical on Valencia Street", "Category": "Health Care", "Type": "Clinic", "Address": "580 Valencia St.", "City": "San Francisco", "Full Address": "580 Valencia St. San Francisco ", "Latitude": 37.7636697, "Longitude": -122.4220722, "Phone": "(888) 663-6331", "About": "", "Hours": "Monday to Friday 8 a.m. to 5 p.m.", "Website": "https://www.onemedical.com/locations/sf/mission/" }, "geometry": { "type": "Point", "coordinates": [ -122.4220722, 37.7636697 ] } },
{ "type": "Feature", "properties": { "Item": "Lyon - Martin Community Health Services", "Category": "Health Care", "Type": "Clinic", "Address": "1735 Mission St.", "City": "San Francisco", "Full Address": "1735 Mission St. San Francisco ", "Latitude": 37.7694337, "Longitude": -122.4197865, "Phone": "(415) 565-7667", "About": "", "Hours": "Monday 1 to 5 p.m. Tuesday 8:30 a.m to 7 p.m. Wednesday 10:30 a.m. to 7 p.m. Thursday and Friday 8:30 a.m to 5 p.m.", "Website": "https://www.lyon-martin.org" }, "geometry": { "type": "Point", "coordinates": [ -122.4197865, 37.7694337 ] } },
{ "type": "Feature", "properties": { "Item": "Clinica Milagros Medical", "Category": "Health Care", "Type": "Clinic", "Address": "2400 Mission St.", "City": "San Francisco", "Full Address": "2400 Mission St. San Francisco ", "Latitude": 37.7584632, "Longitude": -122.4193182, "Phone": "(415) 400-5125", "About": "", "Hours": "Monday to Friday 9 a.m. to 6 p.m.", "Website": "https://milagrosmedical.com" }, "geometry": { "type": "Point", "coordinates": [ -122.4193182, 37.7584632 ] } },
{ "type": "Feature", "properties": { "Item": "Clínica Martín Baró", "Category": "Health Care", "Type": "Clinic", "Address": "534 Precita Ave.", "City": "San Francisco", "Full Address": "534 Precita Ave. San Francisco ", "Latitude": 37.7470955, "Longitude": -122.4099505, "Phone": "(415) 320-7758", "About": "", "Hours": "", "Website": "https://latinx.ucsf.edu/clinica-martin-baro-cmb" }, "geometry": { "type": "Point", "coordinates": [ -122.4099505, 37.7470955 ] } },
{ "type": "Feature", "properties": { "Item": "Mission Station", "Category": "Police Station", "Type": null, "Address": "630 Valencia St.", "City": "San Francisco", "Full Address": "630 Valencia St. San Francisco ", "Latitude": 37.7630046, "Longitude": -122.4219243, "Phone": "(415) 558-5400", "About": "Community meeting is at the last Tuesday of the month, 5 – 6 p.m., in-person at the station.", "Hours": "", "Website": "https://www.sanfranciscopolice.org/stations/mission-station" }, "geometry": { "type": "Point", "coordinates": [ -122.4219243, 37.7630046 ] } },
{ "type": "Feature", "properties": { "Item": "Mission Neighborhood Resource Center", "Category": "Services", "Type": "Youth, Health", "Address": "165 Capp St.", "City": "San Francisco", "Full Address": "165 Capp St. San Francisco ", "Latitude": 37.7640096, "Longitude": -122.4184894, "Phone": "(415) 869-7977", "About": "HIV prevention programs, health programs, youth programs.", "Hours": "Monday to Friday 7 a.m. to 12 p.m. and 2 to 5 p.m. Saturday 7 to 11 a.m.", "Website": "https://www.mnhc.org/community_programs/mission-neighborhood-resource-center/" }, "geometry": { "type": "Point", "coordinates": [ -122.4184894, 37.7640096 ] } },
{ "type": "Feature", "properties": { "Item": "Mission library", "Category": "Community", "Type": "Library", "Address": "1234 Valencia St. ", "City": "San Francisco", "Full Address": "1234 Valencia St.  San Francisco ", "Latitude": 37.7531165, "Longitude": -122.4210433, "Phone": "(415) 355-2800", "About": "Weekly and montly activities of all kind. Temporary location while building at 300 Bartlett St. is renovated.", "Hours": "Monday to Thursday 10 a.m. to 8 p.m. Friday 1 to 6 p.m. Saturday 10 a.m. to 6 p.m. Sunday 1 to 5 p.m.", "Website": "https://sfpl.org/locations/mission" }, "geometry": { "type": "Point", "coordinates": [ -122.4210433, 37.7531165 ] } },
{ "type": "Feature", "properties": { "Item": "MEDA", "Category": "Services", "Type": "Housing", "Address": "2301 Mission St.", "City": "San Francisco", "Full Address": "2301 Mission St. San Francisco ", "Latitude": 37.760096, "Longitude": -122.418862, "Phone": "(415) 282-3334", "About": "Tax preparation, housing opportunities, small business loans, jobs and training.", "Hours": "Monday to Friday 8:30 a.m to 5:30 p.m.", "Website": "https://medasf.org/programs/" }, "geometry": { "type": "Point", "coordinates": [ -122.418862, 37.760096 ] } },
{ "type": "Feature", "properties": { "Item": "Mission Food Hub", "Category": "Services", "Type": "Food", "Address": "701 Alabama St.", "City": "San Francisco", "Full Address": "701 Alabama St. San Francisco ", "Latitude": 37.7601382, "Longitude": -122.4114977, "Phone": "(415) 206-0577", "About": "Food distribution on Fridays and yputh cooking programs.", "Hours": "Friday 11 a.m. to 3 p.m.", "Website": "https://www.missionfoodhub.org" }, "geometry": { "type": "Point", "coordinates": [ -122.4114977, 37.7601382 ] } },
{ "type": "Feature", "properties": { "Item": "The Gubbio Project", "Category": "Services", "Type": "Homeless and addiction", "Address": "1661 15th St.", "City": "San Francisco", "Full Address": "1661 15th St. San Francisco ", "Latitude": 37.7663875, "Longitude": -122.421353, "Phone": "(415) 861-5848", "About": "A space with beds for people to rest. There's coffee, showers.", "Hours": "Monday to Friday 7 a.m. to 7 p.m.", "Website": "https://www.thegubbioproject.org" }, "geometry": { "type": "Point", "coordinates": [ -122.421353, 37.7663875 ] } },
{ "type": "Feature", "properties": { "Item": "Mission Action", "Category": "Services", "Type": "Housing, Immigration", "Address": "938 Valencia St.", "City": "San Francisco", "Full Address": "938 Valencia St. San Francisco ", "Latitude": 37.7578209, "Longitude": -122.4214858, "Phone": "(415) 282-6209", "About": "Shelter, workers and immigrant rights, food pantry and rent stipends.", "Hours": "", "Website": "https://www.missionaction.org" }, "geometry": { "type": "Point", "coordinates": [ -122.4214858, 37.7578209 ] } },
{ "type": "Feature", "properties": { "Item": "La Raza Centro Legal", "Category": "Services", "Type": "Immigration", "Address": "474 Valencia St.", "City": "San Francisco", "Full Address": "474 Valencia St. San Francisco ", "Latitude": 37.7653907, "Longitude": -122.4224409, "Phone": "(415) 575-3500", "About": "Immigration legal defense and consultation.", "Hours": "Monday to Friday 9 a.m. to 5 p.m.", "Website": "https://www.lrcl.org/" }, "geometry": { "type": "Point", "coordinates": [ -122.4224409, 37.7653907 ] } },
{ "type": "Feature", "properties": { "Item": "CARECEN", "Category": "Services", "Type": "Immigration", "Address": "3143 Mission St.", "City": "San Francisco", "Full Address": "3143 Mission St. San Francisco ", "Latitude": 37.7469714, "Longitude": -122.4187572, "Phone": "(415) 642-4400", "About": "Youth programs, immigrant defense, tatto removal and health promotion.", "Hours": "Monday to Friday 9 a.m. to 5 p.m.", "Website": "https://carecensf.org" }, "geometry": { "type": "Point", "coordinates": [ -122.4187572, 37.7469714 ] } },
{ "type": "Feature", "properties": { "Item": "HOMEY", "Category": "Services", "Type": "Youth", "Address": "2221 Mission St.", "City": "San Francisco", "Full Address": "2221 Mission St. San Francisco ", "Latitude": 37.7614775, "Longitude": -122.4190126, "Phone": "(415) 861-1600", "About": "Screen printing, immigration education, food pantry and youth school.", "Hours": "Monday to Friday 9 a.m. to 5 p.m.", "Website": "https://www.homey-sf.org" }, "geometry": { "type": "Point", "coordinates": [ -122.4190126, 37.7614775 ] } },
{ "type": "Feature", "properties": { "Item": "Faith In Action", "Category": "Services", "Type": "Housing, Immigration", "Address": "1950-B Mission St.", "City": "San Francisco", "Full Address": "1950-B Mission St. San Francisco ", "Latitude": 37.7658841, "Longitude": -122.4200144, "Phone": "(650) 592-9181", "About": "Housing, imigration, police accountability advocation. Also, criminal justice reform.", "Hours": "", "Website": "https://www.faithinactionba.org" }, "geometry": { "type": "Point", "coordinates": [ -122.4200144, 37.7658841 ] } },
{ "type": "Feature", "properties": { "Item": "Nuevo Sol Day Labor and Domestic Worker Center", "Category": "Services", "Type": "Worker ", "Address": "2973 16th St. suite #300", "City": "San Francisco", "Full Address": "2973 16th St. suite #300 San Francisco ", "Latitude": 37.7649265, "Longitude": -122.4190859, "Phone": "(415) 529-9675", "About": "Day laborer and domestic worker advocacy and organizing.", "Hours": "Monday to Friday 7 a.m. to 1 p.m. Saturday 7 to 11 a.m.", "Website": "https://www.instagram.com/nuevo_sol_sf/" }, "geometry": { "type": "Point", "coordinates": [ -122.4190859, 37.7649265 ] } },
{ "type": "Feature", "properties": { "Item": "Friendship House", "Category": "Services", "Type": "Addiction", "Address": "56 Julian Ave.", "City": "San Francisco", "Full Address": "56 Julian Ave. San Francisco ", "Latitude": 37.7673635, "Longitude": -122.4214102, "Phone": "(415) 865-0964", "About": "Addiction treatment and services, Indigenous gardening and yputh programs.", "Hours": "Monday to Sun day 7 a.m. to 9:30 p.m.", "Website": "https://friendshiphousehealing.org" }, "geometry": { "type": "Point", "coordinates": [ -122.4214102, 37.7673635 ] } },
{ "type": "Feature", "properties": { "Item": "Native American Health Center", "Category": "Services", "Type": "Health", "Address": "160 Capp St.", "City": "San Francisco", "Full Address": "160 Capp St. San Francisco ", "Latitude": 37.764005, "Longitude": -122.41885, "Phone": "(415) 417-3500", "About": "Dental, medical and behevariol health.", "Hours": "Monday to Friday 9 a.m. to 5 p.m.", "Website": "https://www.nativehealth.org" }, "geometry": { "type": "Point", "coordinates": [ -122.41885, 37.764005 ] } },
{ "type": "Feature", "properties": { "Item": "Mission Graduate", "Category": "Services", "Type": "Education", "Address": "3040 16th St.", "City": "San Francisco", "Full Address": "3040 16th St. San Francisco ", "Latitude": 37.765152, "Longitude": -122.4205864, "Phone": "(415) 864-5205", "About": "After school, summer and college access programs.", "Hours": "Monday to Friday 10 a.m. to 6 p.m.", "Website": "https://www.missiongraduates.org" }, "geometry": { "type": "Point", "coordinates": [ -122.4205864, 37.765152 ] } },
{ "type": "Feature", "properties": { "Item": "Instituto Familiar de la Raza", "Category": "Services", "Type": "Health, youth", "Address": "2919 Mission Street", "City": "San Francisco", "Full Address": "2919 Mission Street San Francisco ", "Latitude": 37.7503732, "Longitude": -122.4180287, "Phone": "(415) 647-0740", "About": "HIV prevention, youth programsmental and health and LGBTQ+ services.", "Hours": "Monday to Friday 9 a.m. to 7 p.m.", "Website": "https://www.ifrsf.org" }, "geometry": { "type": "Point", "coordinates": [ -122.4180287, 37.7503732 ] } },
{ "type": "Feature", "properties": { "Item": "Mission Council", "Category": "Services", "Type": "Addiction", "Address": "154 Capp St A", "City": "San Francisco", "Full Address": "154 Capp St A San Francisco ", "Latitude": 37.7640389, "Longitude": -122.4188864, "Phone": "(415) 826-6767", "About": "Alcohol abuse treatment and consultation", "Hours": "Monday to Friday 9 a.m. to 9 p.m.", "Website": "http://www.missioncouncil.org" }, "geometry": { "type": "Point", "coordinates": [ -122.4188864, 37.7640389 ] } },
{ "type": "Feature", "properties": { "Item": "Catholic Charities", "Category": "Services", "Type": "Housing, Immigration", "Address": "2871 Mission St", "City": "San Francisco", "Full Address": "2871 Mission St San Francisco ", "Latitude": 37.7511262, "Longitude": -122.4180943, "Phone": "(415) 972-1281", "About": "Shelter, homelessness prevention and childcare programs.", "Hours": "Monday to Friday 8:30 a.m. to 5 p.m.", "Website": "https://catholiccharitiessf.org/mission-access-point/" }, "geometry": { "type": "Point", "coordinates": [ -122.4180943, 37.7511262 ] } },
{ "type": "Feature", "properties": { "Item": "Hamilton Families", "Category": "Services", "Type": "Houisng", "Address": "2567 Mission St.", "City": "San Francisco", "Full Address": "2567 Mission St. San Francisco ", "Latitude": 37.7560282, "Longitude": -122.4184818, "Phone": "(415) 321-2612", "About": "Transitional houisng, shelter and houisng financial support.", "Hours": "Monday to Friday 9 a.m. to 5 p.m.", "Website": "https://hamiltonfamilies.org" }, "geometry": { "type": "Point", "coordinates": [ -122.4184818, 37.7560282 ] } }
]
}
